,Ticker,Green Flags
3,3MINDIA.NS,7
305,COALINDIA.NS,7
431,ESABINDIA.NS,7
445,FCL.NS,7
455,FINEORG.NS,7
476,GANDHITUBE.NS,7
257,CAMS.NS,7
1509,TIPSINDLTD.NS,7
1530,TRITURBINE.NS,7
43,AGARIND.NS,7
271,CDSL.NS,7
519,GMRINFRA.NS,7
524,GODFRYPHLP.NS,7
581,HBLPOWER.NS,7
638,ICEMAKE.NS,7
654,IGL.NS,7
236,BOSCHLTD.NS,7
683,INDRAMEDCO.NS,7
688,INDUSTOWER.NS,7
694,INGERRAND.NS,7
709,IRCTC.NS,7
723,JAIBALAJI.NS,7
727,JAMNAAUTO.NS,7
214,BIGBLOC.NS,7
1450,TALBROAUTO.NS,7
1463,TATAMOTORS.NS,7
1464,TATAMTRDVR.NS,7
1502,TIINDIA.NS,7
57,AKZOINDIA.NS,7
752,JKPAPER.NS,7
788,KANSAINER.NS,7
195,BECTORFOOD.NS,7
200,BERGEPAINT.NS,7
821,KKCL.NS,7
829,KOTHARIPET.NS,7
831,KPITTECH.NS,7
859,LIKHITHA.NS,7
1357,SKFINDIA.NS,7
1360,SKMEGGPROD.NS,7
1396,SSWL.NS,7
870,LTTS.NS,7
911,MANINFRA.NS,7
1000,NAM-INDIA.NS,7
1001,NATCOPHARM.NS,7
1026,NEULANDLAB.NS,7
1055,NUCLEUS.NS,7
1110,PENINLAND.NS,7
1111,PERSISTENT.NS,7
128,ASIANPAINT.NS,7
135,ASTRAZEN.NS,7
1123,PIDILITIND.NS,7
1287,SATIA.NS,7
1329,SHREDIGCEM.NS,7
1334,SHREYANIND.NS,7
1336,SHRIPISTON.NS,7
1129,PITTIENG.NS,7
1200,RAYMOND.NS,7
125,ASHOKA.NS,7
1244,RSYSTEMS.NS,7
1259,SAFARI.NS,7
325,CRISIL.NS,7
331,CUMMINSIND.NS,7
402,ECLERX.NS,7
405,EICHERMOT.NS,7
411,ELECON.NS,7
1572,VADILALIND.NS,7
1582,VBL.NS,7
31,ADANIPOWER.NS,7
1525,TRENT.NS,7
18,ABB.NS,7
24,ACCELYA.NS,7
26,ACE.NS,7
19,ABBOTINDIA.NS,6
460,FMGOETZE.NS,6
355,DEEPAKFERT.NS,6
378,DIXON.NS,6
1618,VSSL.NS,6
1615,VOLTAMP.NS,6
1609,VISHNU.NS,6
1599,VIMTALABS.NS,6
1579,VARROC.NS,6
282,CERA.NS,6
272,CEATLTD.NS,6
414,ELGIEQUIP.NS,6
410,EKC.NS,6
380,DLINKINDIA.NS,6
1633,WENDT.NS,6
1635,WHEELS.NS,6
353,DCW.NS,6
343,DBCORP.NS,6
335,CYIENT.NS,6
323,CREDITACC.NS,6
1280,SANOFI.NS,6
111,ARROWGREEN.NS,6
109,ARMANFIN.NS,6
97,APOLLOHOSP.NS,6
1278,SANGHVIMOV.NS,6
1275,SANGAMIND.NS,6
1274,SANDHAR.NS,6
1265,SAKSOFT.NS,6
1264,SAKHTISUG.NS,6
1250,RUCHIRA.NS,6
1247,RUBYMILLS.NS,6
1246,RTNPOWER.NS,6
1239,RPGLIFE.NS,6
122,ASHAPURMIN.NS,6
118,ASAHIINDIA.NS,6
1227,RKFORGE.NS,6
1198,RANEHOLDIN.NS,6
1194,RAMKY.NS,6
1184,RAJRATAN.NS,6
1163,PRICOLLTD.NS,6
1160,PREMIERPOL.NS,6
1153,PRAKASHSTL.NS,6
1151,PRAJIND.NS,6
1141,POLYMED.NS,6
1140,POLYCAB.NS,6
1139,POKARNA.NS,6
1124,PIIND.NS,6
1355,SIYSIL.NS,6
90,APARINDS.NS,6
1343,SIEMENS.NS,6
1331,SHREEPUSHK.NS,6
1330,SHREECEM.NS,6
1328,SHRADHA.NS,6
1311,SHAKTIPUMP.NS,6
1295,SCHNEIDER.NS,6
1294,SCHAND.NS,6
1293,SCHAEFFLER.NS,6
1284,SARLAPOLY.NS,6
1282,SARDAEN.NS,6
1122,PHOENIXLTD.NS,6
1120,PGIL.NS,6
1105,PDMJEPAPER.NS,6
1101,PATELENG.NS,6
1100,PARSVNATH.NS,6
1090,PAGEIND.NS,6
1074,ORBTEXP.NS,6
1073,OPTOCIRCUI.NS,6
1069,ONGC.NS,6
1061,OIL.NS,6
159,BAJAJ-AUTO.NS,6
147,AUTOAXLES.NS,6
1051,NRBBEARING.NS,6
1045,NMDC.NS,6
1042,NITINSPIN.NS,6
1030,NH.NS,6
1027,NEWGEN.NS,6
1023,NESCO.NS,6
1005,NAUKRI.NS,6
1003,NATIONALUM.NS,6
994,NAGREEKCAP.NS,6
993,NAGAFERT.NS,6
172,BALMLAWRIE.NS,6
981,MSTCLTD.NS,6
976,MPSLTD.NS,6
973,MOTILALOFS.NS,6
967,MOLDTECH.NS,6
960,MMFL.NS,6
953,MINDACORP.NS,6
942,MEP.NS,6
929,MAZDOCK.NS,6
918,MARUTI.NS,6
913,MARALOVER.NS,6
886,MAGNUM.NS,6
880,MACPOWER.NS,6
871,LUMAXIND.NS,6
191,BCG.NS,6
67,ALLSEC.NS,6
1433,SURYALAXMI.NS,6
1417,SUNDARMHLD.NS,6
1409,SUDARSCHEM.NS,6
1408,SUBROS.NS,6
1404,STERTOOLS.NS,6
1399,STARPAPER.NS,6
1389,SREEL.NS,6
1378,SPAL.NS,6
1370,SOMANYCERA.NS,6
1366,SNOWMAN.NS,6
1362,SMLISUZU.NS,6
1359,SKIPPER.NS,6
188,BAYERCROP.NS,6
183,BANSWRAS.NS,6
176,BANARISUG.NS,6
863,LOKESHMACH.NS,6
854,LGBBROSLTD.NS,6
842,KUANTUM.NS,6
837,KSB.NS,6
817,KIRLOSBROS.NS,6
813,KINGFA.NS,6
805,KESORAMIND.NS,6
801,KEI.NS,6
197,BEL.NS,6
797,KDDL.NS,6
784,KAMDHENU.NS,6
775,JYOTHYLAB.NS,6
769,JTEKTINDIA.NS,6
768,JSWSTEEL.NS,6
765,JSWENERGY.NS,6
763,JSL.NS,6
762,JPPOWER.NS,6
753,JKTYRE.NS,6
750,JKIL.NS,6
741,JINDALSAW.NS,6
222,BIRLAMONEY.NS,6
51,AIRAN.NS,6
48,AHLUCONT.NS,6
1501,TIIL.NS,6
1499,TI.NS,6
1493,THEMISMED.NS,6
1475,TCPLPACK.NS,6
1465,TATAPOWER.NS,6
1460,TATAELXSI.NS,6
1456,TATACHEM.NS,6
1451,TANLA.NS,6
1448,TAJGVK.NS,6
728,JASH.NS,6
721,JAGRAN.NS,6
715,ITDCEM.NS,6
713,ITC.NS,6
704,IOC.NS,6
690,INFIBEAM.NS,6
663,IMFA.NS,6
662,IMAGICAA.NS,6
237,BPCL.NS,6
230,BLUEDART.NS,6
228,BLS.NS,6
629,HPL.NS,6
620,HITECHGEAR.NS,6
608,HINDCOMPOS.NS,6
607,HINDALCO.NS,6
601,HGINFRA.NS,6
574,HAPPSTMNDS.NS,6
573,HAL.NS,6
569,GULFOILLUB.NS,6
565,GUJALKALI.NS,6
248,BSOFT.NS,6
244,BSE.NS,6
242,BRNL.NS,6
553,GRPLTD.NS,6
548,GREENPANEL.NS,6
545,GRAVITA.NS,6
541,GPTINFRA.NS,6
539,GPIL.NS,6
520,GNA.NS,6
518,GMMPFAUDLR.NS,6
511,GLOBAL.NS,6
508,GLAXO.NS,6
494,GESHIP.NS,6
488,GEEKAYWIRE.NS,6
42,AFFLE.NS,6
39,ADVANIHOTR.NS,6
38,ADSL.NS,6
1567,USHAMART.NS,6
1538,TVSMOTOR.NS,6
1529,TRIL.NS,6
1645,WSTCSTPAPR.NS,6
1519,TORNTPOWER.NS,6
1518,TORNTPHARM.NS,6
1515,TNPL.NS,6
1512,TITAN.NS,6
1507,TIMKEN.NS,6
1506,TIMETECHNO.NS,6
265,CARBORUNIV.NS,6
263,CAPLIPOINT.NS,6
261,CANTABIL.NS,6
478,GANESHHOUC.NS,6
473,GALLANTT.NS,6
468,GABRIEL.NS,6
464,FOSECOIND.NS,6
0,20MICRONS.NS,6
452,FIEMIND.NS,6
421,EMMBI.NS,6
416,EMAMILTD.NS,6
297,CIGNITITEC.NS,6
293,CHENNPETRO.NS,6
307,COFORGE.NS,6
28,ADANIENT.NS,6
1652,ZEELEARN.NS,6
10,AARON.NS,6
9,AAKASH.NS,6
29,ADANIGREEN.NS,6
30,ADANIPORTS.NS,6
1630,WELENT.NS,5
5,5PAISA.NS,5
1664,ZYDUSWELL.NS,5
1628,WEIZMANIND.NS,5
1625,WANBURY.NS,5
1644,WSI.NS,5
1315,SHANTIGEAR.NS,5
1648,XPROINDIA.NS,5
1028,NEXTMEDIA.NS,5
1024,NESTLEIND.NS,5
1021,NELCO.NS,5
1020,NELCAST.NS,5
1015,NDL.NS,5
1012,NCC.NS,5
319,COUNCODOS.NS,5
316,CORDSCABLE.NS,5
315,CORALFINAC.NS,5
314,CONTROLPR.NS,5
334,CYBERTECH.NS,5
326,CROMPTON.NS,5
324,CREST.NS,5
311,CONCOR.NS,5
310,COMPUSOFT.NS,5
308,COLPAL.NS,5
306,COCHINSHIP.NS,5
321,CREATIVE.NS,5
300,CIPLA.NS,5
349,DCM.NS,5
345,DBREALTY.NS,5
288,CHALET.NS,5
1035,NILASPACES.NS,5
1033,NIITLTD.NS,5
989,MURUDCERA.NS,5
1010,NBIFIN.NS,5
1008,NAVNETEDUL.NS,5
996,NAHARCAP.NS,5
977,MRF.NS,5
171,BALLARPUR.NS,5
167,BALAMINES.NS,5
164,BAJAJHLDNG.NS,5
68,ALMONDZ.NS,5
66,ALLCARGO.NS,5
64,ALKEM.NS,5
1314,SHANKARA.NS,5
1312,SHALBY.NS,5
1303,SESHAPAPER.NS,5
1298,SEAMECLTD.NS,5
1613,VLSFINANCE.NS,5
1439,SUZLON.NS,5
1436,SUULD.NS,5
1435,SUTLEJTEX.NS,5
986,MUKTAARTS.NS,5
980,MSPL.NS,5
1432,SURANAT&P.NS,5
1429,SUPREMEIND.NS,5
1427,SUPRAJIT.NS,5
397,DYNAMATECH.NS,5
363,DGCONTENT.NS,5
361,DENORA.NS,5
358,DELTACORP.NS,5
357,DEEPENR.NS,5
356,DEEPAKNTR.NS,5
386,DPABHUSHAN.NS,5
108,ARIHANTSUP.NS,5
107,ARIHANT.NS,5
1421,SUNPHARMA.NS,5
1420,SUNFLAG.NS,5
1419,SUNDRMFAST.NS,5
155,AXISCADES.NS,5
153,AWHCL.NS,5
936,MCLEODRUSS.NS,5
74,AMBER.NS,5
88,ANSALHSG.NS,5
87,ANSALAPI.NS,5
80,ANANTRAJ.NS,5
1297,SDBL.NS,5
1283,SAREGAMA.NS,5
381,DMART.NS,5
379,DLF.NS,5
371,DIAMONDYD.NS,5
403,EDELWEISS.NS,5
69,ALOKINDS.NS,5
1446,SYNGENE.NS,5
1442,SWELECTES.NS,5
77,AMDIND.NS,5
949,MGL.NS,5
930,MBAPL.NS,5
928,MAZDA.NS,5
392,DSSL.NS,5
391,DRREDDY.NS,5
280,CENTURYPLY.NS,5
276,CENTEXT.NS,5
275,CENTENKA.NS,5
413,ELECTHERM.NS,5
409,EIMCOELECO.NS,5
89,ANUP.NS,5
925,MAXIND.NS,5
924,MAXHEALTH.NS,5
888,MAHAPEXLTD.NS,5
884,MAGADSUGAR.NS,5
883,MADRASFERT.NS,5
879,MAANALU.NS,5
914,MARATHON.NS,5
907,MANGCHEFER.NS,5
902,MANAKSIA.NS,5
901,MANAKCOAT.NS,5
1054,NTPC.NS,5
1052,NSIL.NS,5
1050,NRAIL.NS,5
1067,ONELIFECAP.NS,5
98,APOLLOPIPE.NS,5
96,APOLLO.NS,5
1273,SANDESH.NS,5
1270,SALZERELEC.NS,5
407,EIHAHOTELS.NS,5
427,EQUITAS.NS,5
425,ENIL.NS,5
422,ENDURANCE.NS,5
287,CGPOWER.NS,5
1064,OMAXAUTO.NS,5
1063,OLECTRA.NS,5
1060,OFSS.NS,5
1476,TCS.NS,5
1466,TATASTEEL.NS,5
1462,TATAMETALI.NS,5
1458,TATACOMM.NS,5
1457,TATACOFFEE.NS,5
1455,TASTYBITE.NS,5
896,MAHSEAMLES.NS,5
1587,VESUVIUS.NS,5
1586,VERTOZ.NS,5
442,EXPLEOSOL.NS,5
1252,RUSHIL.NS,5
102,ARCHIDPLY.NS,5
99,APOLLOTYRE.NS,5
891,MAHESHWARI.NS,5
177,BANCOINDIA.NS,5
862,LINDEINDIA.NS,5
857,LIBERTSHOE.NS,5
877,M&M.NS,5
875,LYKALABS.NS,5
872,LUMAXTECH.NS,5
868,LT.NS,5
866,LPDC.NS,5
189,BBL.NS,5
1058,OBEROIRLTY.NS,5
436,EUROTEXIND.NS,5
430,EROSMEDIA.NS,5
463,FORTIS.NS,5
462,FORCEMOT.NS,5
459,FLUOROCHEM.NS,5
458,FLFL.NS,5
457,FLEXITUFF.NS,5
456,FINPIPE.NS,5
268,CASTROLIND.NS,5
1574,VAISHALI.NS,5
1571,V2RETAIL.NS,5
266,CAREERP.NS,5
262,CAPACITE.NS,5
470,GAIL.NS,5
441,EXIDEIND.NS,5
157,BAFNAPH.NS,5
156,AYMSYNTEX.NS,5
1087,ORTEL.NS,5
1079,ORIENTBELL.NS,5
1075,ORCHPHARMA.NS,5
1071,ONWARDTEC.NS,5
1415,SUNDARAM.NS,5
852,LEMONTREE.NS,5
851,LAXMIMACH.NS,5
848,LAOPALA.NS,5
1262,SAIL.NS,5
1258,SADBHIN.NS,5
1257,SADBHAV.NS,5
483,GAYAHWS.NS,5
838,KSCL.NS,5
1491,THANGAMAYL.NS,5
1481,TECHNOE.NS,5
1477,TDPOWERSYS.NS,5
1398,STARCEMENT.NS,5
1108,PEL.NS,5
1098,PARACABLES.NS,5
205,BHAGYANGR.NS,5
835,KRIDHANINF.NS,5
832,KPRMILL.NS,5
824,KOKUYOCMLN.NS,5
823,KNRCON.NS,5
1570,UTTAMSUGAR.NS,5
512,GLOBALVECT.NS,5
502,GILLETTE.NS,5
499,GICHSGFIN.NS,5
498,GHCL.NS,5
127,ASIANHOTNR.NS,5
126,ASHOKLEY.NS,5
124,ASHIMASYN.NS,5
1268,SALONA.NS,5
796,KCPSUGIND.NS,5
795,KCP.NS,5
794,KAYA.NS,5
793,KAUSHALYA.NS,5
812,KILITCH.NS,5
806,KEYFINSERV.NS,5
132,ASTERDM.NS,5
1119,PGHL.NS,5
1236,ROSSARI.NS,5
1232,ROHLTD.NS,5
531,GOKEX.NS,5
528,GODREJIND.NS,5
523,GOCLCORP.NS,5
522,GOACARBON.NS,5
521,GNFC.NS,5
516,GMBREW.NS,5
1118,PGHH.NS,5
1116,PFS.NS,5
1112,PETRONET.NS,5
1109,PENIND.NS,5
774,JUSTDIAL.NS,5
203,BGRENERGY.NS,5
202,BFUTILITIE.NS,5
194,BEARDSELL.NS,5
193,BDL.NS,5
1563,UNIVCABLES.NS,5
551,GRINDWELL.NS,5
547,GREENLAM.NS,5
112,ARSHIYA.NS,5
1229,RML.NS,5
1226,RKEC.NS,5
1241,RPPINFRA.NS,5
56,AKSHOPTFBR.NS,5
53,AJMERA.NS,5
52,AJANTPHARM.NS,5
50,AIAENG.NS,5
49,AHLWEST.NS,5
1500,TIDEWATER.NS,5
1497,THOMASCOTT.NS,5
1494,THERMAX.NS,5
792,KARURVYSYA.NS,5
789,KAPSTON.NS,5
783,KAMATHOTEL.NS,5
221,BIRLACORPN.NS,5
537,GOODLUCK.NS,5
535,GOLDIAM.NS,5
247,BSL.NS,5
241,BRITANNIA.NS,5
240,BRIGADE.NS,5
559,GTL.NS,5
33,ADFFOODS.NS,5
772,JUBLINDS.NS,5
771,JUBLFOOD.NS,5
766,JSWHL.NS,5
759,JPASSOCIAT.NS,5
59,ALBERTDAVD.NS,5
1392,SRHHYPOLTD.NS,5
1382,SPENCERS.NS,5
1381,SPECIALITY.NS,5
1379,SPANDANA.NS,5
1210,RELIANCE.NS,5
121,ASALCBR.NS,5
117,ARVSMART.NS,5
115,ARVIND.NS,5
557,GSPL.NS,5
554,GRSE.NS,5
572,GVKPIL.NS,5
564,GUFICBIO.NS,5
255,CALSOFT.NS,5
1552,ULTRACEMCO.NS,5
1551,UJJIVANSFB.NS,5
1550,UJJIVAN.NS,5
1546,UFLEX.NS,5
1543,UBL.NS,5
1218,RESPONIND.NS,5
1217,REPRO.NS,5
1214,RENUKA.NS,5
1514,TNPETRO.NS,5
1508,TINPLATE.NS,5
63,ALKALI.NS,5
62,ALICON.NS,5
60,ALCHEM.NS,5
749,JKCEMENT.NS,5
747,JITFINFRA.NS,5
742,JINDALSTEL.NS,5
94,APLAPOLLO.NS,5
92,APCOTEXIND.NS,5
91,APCL.NS,5
1222,RICOAUTO.NS,5
586,HCLTECH.NS,5
582,HBSL.NS,5
579,HAVELLS.NS,5
612,HINDOILEXP.NS,5
609,HINDCOPPER.NS,5
218,BIOCON.NS,5
211,BHARATWIRE.NS,5
208,BHARATFORG.NS,5
735,JBMA.NS,5
731,JAYNECOIND.NS,5
1522,TPLPLASTEH.NS,5
142,ATULAUTO.NS,5
1152,PRAKASH.NS,5
1150,PRAENG.NS,5
1148,PPL.NS,5
1147,PPAP.NS,5
602,HGS.NS,5
597,HEROMOTOCO.NS,5
595,HERCULES.NS,5
630,HSCL.NS,5
628,HOVS.NS,5
626,HONDAPOWER.NS,5
619,HITECHCORP.NS,5
1352,SIRCA.NS,5
1346,SILINV.NS,5
1345,SIL.NS,5
1146,POWERMECH.NS,5
1143,PONNIERODE.NS,5
693,INFY.NS,5
691,INFOBEAN.NS,5
719,IZMO.NS,5
714,ITDC.NS,5
1201,RBL.NS,5
1199,RATNAMANI.NS,5
617,HISARMETAL.NS,5
616,HIRECT.NS,5
645,IDEA.NS,5
643,ICRA.NS,5
635,HUHTAMAKI.NS,5
710,ISEC.NS,5
1164,PRIMESECU.NS,5
1158,PREMEXPLN.NS,5
1157,PRECWIRE.NS,5
1156,PRECOT.NS,5
1155,PRECAM.NS,5
678,INDOSOLAR.NS,5
675,INDNIPPON.NS,5
673,INDIGO.NS,5
672,INDIANHUME.NS,5
707,IRB.NS,5
669,INDIAMART.NS,5
668,INDIAGLYCO.NS,5
1539,TVSSRICHAK.NS,5
1532,TTKHLTCARE.NS,5
1527,TRIDENT.NS,5
234,BOROLTD.NS,5
233,BOMDYEING.NS,5
1177,QUESS.NS,5
1175,PURVA.NS,5
1367,SOBHA.NS,5
1187,RAJTV.NS,5
1186,RAJSREESUG.NS,5
1182,RAIN.NS,5
1181,RADIOCITY.NS,5
1180,RADICO.NS,5
231,BLUESTARCO.NS,5
226,BLISSGVS.NS,5
653,IGARASHI.NS,5
650,IFBIND.NS,5
648,IEX.NS,5
700,INTELLECT.NS,5
657,IIFLSEC.NS,5
239,BRFL.NS,5
680,INDOTECH.NS,5
1372,SOMICONVEY.NS,5
1369,SOLARINDS.NS,5
1622,WABAG.NS,5
1621,VTL.NS,5
1639,WIPL.NS,5
21,ABFRL.NS,5
1662,ZUARI.NS,5
1658,ZICOM.NS,5
1656,ZENSARTECH.NS,5
295,CHOLAHLDNG.NS,5
292,CHEMFAB.NS,5
20,ABCAPITAL.NS,4
1317,SHARDAMOTR.NS,4
1318,SHAREINDIA.NS,4
1319,SHEMAROO.NS,4
1322,SHIRPUR-G.NS,4
1323,SHIVAMAUTO.NS,4
1325,SHIVATEX.NS,4
1327,SHOPERSTOP.NS,4
290,CHEMBOND.NS,4
298,CINELINE.NS,4
1659,ZODIACLOTH.NS,4
1661,ZOTA.NS,4
333,CYBERMEDIA.NS,4
332,CUPID.NS,4
330,CUBEXTUB.NS,4
329,CUB.NS,4
322,CREATIVEYE.NS,4
1601,VINDHYATEL.NS,4
1600,VINATIORGA.NS,4
301,CLEDUCATE.NS,4
351,DCMNVL.NS,4
347,DCAL.NS,4
346,DBSTOCKBRO.NS,4
344,DBL.NS,4
342,DATAMATICS.NS,4
341,DANGEE.NS,4
340,DAMODARIND.NS,4
289,CHAMBLFERT.NS,4
1535,TTML.NS,4
1178,QUICKHEAL.NS,4
1207,REFEX.NS,4
1206,REDINGTON.NS,4
1204,RCOM.NS,4
1203,RCF.NS,4
1368,SOLARA.NS,4
1358,SKIL.NS,4
1179,RADAAN.NS,4
227,BLKASHYAP.NS,4
652,IFGLEXPOR.NS,4
701,INTENTECH.NS,4
666,INDHOTEL.NS,4
665,INDBANK.NS,4
238,BPL.NS,4
235,BORORENEW.NS,4
711,ISFT.NS,4
1193,RAMCOSYS.NS,4
1191,RAMCOCEM.NS,4
1190,RAMASTEEL.NS,4
618,HITECH.NS,4
615,HINDZINC.NS,4
614,HINDUNILVR.NS,4
647,IDFCFIRSTB.NS,4
646,IDFC.NS,4
632,HTMEDIA.NS,4
1172,PTL.NS,4
1168,PRSMJOHNSN.NS,4
1166,PRIVISCL.NS,4
677,INDORAMA.NS,4
702,INVENTURE.NS,4
1537,TVSELECT.NS,4
138,ATGL.NS,4
596,HERITGFOOD.NS,4
594,HEMIPROP.NS,4
625,HONAUT.NS,4
624,HNDFDS.NS,4
621,HLVLTD.NS,4
1350,SINTERCOM.NS,4
1145,POWERINDIA.NS,4
1144,POWERGRID.NS,4
1136,PNCINFRA.NS,4
695,INOXLEISUR.NS,4
730,JAYBARMARU.NS,4
729,JAYAGROGN.NS,4
722,JAGSNPHARM.NS,4
718,IVP.NS,4
712,ISMTLTD.NS,4
143,AUBANK.NS,4
1504,TIL.NS,4
746,JISLJALEQS.NS,4
745,JISLDVREQS.NS,4
743,JINDRILL.NS,4
1224,RITES.NS,4
1220,RGL.NS,4
588,HDFCAMC.NS,4
584,HCG.NS,4
583,HCC.NS,4
610,HINDMOTORS.NS,4
606,HIMATSEIDE.NS,4
215,BIL.NS,4
733,JBCHEPHARM.NS,4
1521,TOUCHWOOD.NS,4
1517,TOKYOPLAST.NS,4
116,ARVINDFASN.NS,4
556,GSFC.NS,4
571,GULPOLY.NS,4
567,GUJGASLTD.NS,4
253,BYKE.NS,4
605,HILTON.NS,4
1554,UMESLTD.NS,4
1548,UGARSUGAR.NS,4
1547,UFO.NS,4
593,HEIDELBERG.NS,4
591,HDIL.NS,4
589,HDFCBANK.NS,4
1211,RELIGARE.NS,4
1131,PLASTIBLEN.NS,4
1126,PILITA.NS,4
1125,PILANIINVS.NS,4
538,GOODYEAR.NS,4
536,GOLDTECH.NS,4
534,GOLDENTOBC.NS,4
533,GOKULAGRO.NS,4
252,BVCL.NS,4
251,BUTTERFLY.NS,4
246,BSHSL.NS,4
220,BIRLACABLE.NS,4
761,JPOLYINVST.NS,4
760,JPINFRATEC.NS,4
1391,SRF.NS,4
1387,SPMLINFRA.NS,4
1386,SPLIL.NS,4
1384,SPIC.NS,4
123,ASHIANA.NS,4
120,ASAL.NS,4
198,BEML.NS,4
1562,UNIVASTU.NS,4
1559,UNITECH.NS,4
550,GREENPOWER.NS,4
549,GREENPLY.NS,4
546,GREAVESCOT.NS,4
544,GRASIM.NS,4
543,GRAPHITE.NS,4
1243,RSWM.NS,4
1242,RSSOFTWARE.NS,4
55,AKSHARCHEM.NS,4
1496,THOMASCOOK.NS,4
786,KANORICHEM.NS,4
737,JETAIRWAYS.NS,4
1558,UNIONBANK.NS,4
540,GPPL.NS,4
133,ASTRAL.NS,4
130,ASPINWALL.NS,4
1240,RPOWER.NS,4
1238,ROUTE.NS,4
529,GODREJPROP.NS,4
527,GODREJCP.NS,4
517,GMDCLTD.NS,4
515,GLOBUSSPR.NS,4
513,GLOBE.NS,4
37,ADROITINFO.NS,4
1117,PGEL.NS,4
1115,PFOCUS.NS,4
1114,PFIZER.NS,4
779,KAKATCEM.NS,4
778,KAJARIACER.NS,4
201,BFINVEST.NS,4
822,KMSUGAR.NS,4
820,KITEX.NS,4
819,KIRLOSIND.NS,4
36,ADORWELD.NS,4
1568,UTIAMC.NS,4
46,AGROPHOS.NS,4
507,GLAND.NS,4
503,GINNIFILA.NS,4
501,GILLANDERS.NS,4
497,GFSTEELS.NS,4
816,KIRLFER.NS,4
799,KECL.NS,4
811,KICL.NS,4
810,KHANDSE.NS,4
803,KENNAMET.NS,4
1089,PAEL.NS,4
179,BANG.NS,4
1492,THEINVEST.NS,4
1490,TGBHOTELS.NS,4
1489,TFL.NS,4
1487,TEXRAIL.NS,4
1483,TEJASNET.NS,4
1482,TECHNOFAB.NS,4
1478,TEAMLEASE.NS,4
853,LFIC.NS,4
1412,SUMIT.NS,4
1411,SUMICHEM.NS,4
1403,STEL.NS,4
1099,PARAGMILK.NS,4
1096,PANAMAPET.NS,4
207,BHANDARI.NS,4
825,KOLTEPATIL.NS,4
849,LASA.NS,4
847,LAMBODHARA.NS,4
840,KSL.NS,4
1267,SALASAR.NS,4
1263,SAKAR.NS,4
1261,SAGCEM.NS,4
1260,SAGARDEEP.NS,4
1256,SABEVENTS.NS,4
1255,S&SPOWER.NS,4
1253,RVHL.NS,4
491,GENUSPOWER.NS,4
490,GENUSPAPER.NS,4
487,GEECEE.NS,4
481,GARFIBRES.NS,4
270,CCL.NS,4
836,KRISHANA.NS,4
466,FSC.NS,4
1593,VIDHIING.NS,4
1589,VGUARD.NS,4
1588,VETO.NS,4
454,FINCABLES.NS,4
453,FILATEX.NS,4
451,FELDVR.NS,4
450,FEL.NS,4
448,FDC.NS,4
264,CAPTRUST.NS,4
256,CAMLINFINE.NS,4
477,GANECOS.NS,4
472,GALAXYSURF.NS,4
1080,ORIENTCEM.NS,4
1076,ORICONENT.NS,4
1413,SUMMITSEC.NS,4
446,FCONSUMER.NS,4
444,FAIRCHEMOR.NS,4
443,FACT.NS,4
1249,RUCHINFRA.NS,4
103,ARCHIES.NS,4
101,APTECHT.NS,4
100,APOLSINHOT.NS,4
895,MAHSCOOTER.NS,4
873,LUPIN.NS,4
864,LOTUSEYE.NS,4
190,BBTC.NS,4
187,BATAINDIA.NS,4
440,EXCELINDUS.NS,4
434,ESTER.NS,4
432,ESCORTS.NS,4
467,FSL.NS,4
1271,SAMBHAAV.NS,4
1269,SALSTEEL.NS,4
408,EIHOTEL.NS,4
429,ERIS.NS,4
428,EQUITASBNK.NS,4
420,EMKAY.NS,4
418,EMAMIREAL.NS,4
1059,OCCL.NS,4
1474,TCNSBRANDS.NS,4
1470,TCI.NS,4
1469,TBZ.NS,4
1461,TATAINVEST.NS,4
1459,TATACONSUM.NS,4
1585,VENUSREM.NS,4
1583,VEDL.NS,4
447,FCSSOFT.NS,4
919,MASFIN.NS,4
917,MARKSANS.NS,4
916,MARINE.NS,4
889,MAHASTEEL.NS,4
887,MAHABANK.NS,4
881,MADHAV.NS,4
912,MANUGRAPH.NS,4
910,MANINDS.NS,4
900,MANAKALUCO.NS,4
899,MALUPAPER.NS,4
150,AVADHSUGAR.NS,4
148,AUTOIND.NS,4
146,AUSOMENT.NS,4
144,AURIONPRO.NS,4
1068,ONEPOINT.NS,4
1065,OMAXE.NS,4
1440,SWANENERGY.NS,4
78,AMJLAND.NS,4
76,AMBUJACEM.NS,4
948,MGEL.NS,4
931,MBECL.NS,4
927,MAYURUNIQ.NS,4
286,CGCL.NS,4
1595,VIKASECO.NS,4
389,DQE.NS,4
281,CENTURYTEX.NS,4
279,CENTUM.NS,4
278,CENTRUM.NS,4
415,ELGIRUBCO.NS,4
412,ELECTCAST.NS,4
921,MASTEK.NS,4
920,MASKINVEST.NS,4
968,MOLDTKPAC.NS,4
966,MOIL.NS,4
961,MMP.NS,4
958,MIRZAINT.NS,4
955,MINDTECK.NS,4
950,MHRIL.NS,4
86,ANKITMETAL.NS,4
83,ANDHRSUGAR.NS,4
82,ANDHRAPAP.NS,4
377,DIVISLAB.NS,4
375,DIGJAMLTD.NS,4
404,EDUCOMP.NS,4
399,EASTSILK.NS,4
71,ALPHAGEO.NS,4
1449,TAKE.NS,4
1444,SYMPHONY.NS,4
985,MUKANDLTD.NS,4
979,MRPL.NS,4
1434,SURYAROSNI.NS,4
1431,SURANASOL.NS,4
1430,SUPREMEINF.NS,4
1423,SUNTV.NS,4
396,DWARKESH.NS,4
367,DHANUKA.NS,4
388,DPWIRES.NS,4
385,DONEAR.NS,4
384,DOLLAR.NS,4
382,DNAMEDIA.NS,4
106,ARIES.NS,4
1422,SUNTECK.NS,4
1418,SUNDRMBRAK.NS,4
152,AVTNPL.NS,4
169,BALKRISHNA.NS,4
166,BALAJITELE.NS,4
65,ALKYLAMINE.NS,4
1313,SHALPAINTS.NS,4
1306,SEYAIND.NS,4
1302,SEQUENT.NS,4
1299,SELAN.NS,4
1335,SHREYAS.NS,4
1617,VRLLOG.NS,4
1616,VOLTAS.NS,4
1614,VMART.NS,4
1610,VISHWARAJ.NS,4
1607,VISASTEEL.NS,4
1605,VIPULLTD.NS,4
1438,SUVENPHAR.NS,4
987,MUNJALAU.NS,4
1044,NLCINDIA.NS,4
1039,NIRAJISPAT.NS,4
1038,NIRAJ.NS,4
1036,NILKAMAL.NS,4
1034,NILAINFRA.NS,4
162,BAJAJFINSV.NS,4
161,BAJAJELEC.NS,4
160,BAJAJCON.NS,4
1002,NATHBIOGEN.NS,4
999,NAHARSPING.NS,4
998,NAHARPOLY.NS,4
975,MPHASIS.NS,4
974,MOTOGENFIN.NS,4
971,MOREPENLAB.NS,4
970,MORARJEE.NS,4
170,BALKRISIND.NS,4
1651,ZEEL.NS,4
16,AAVAS.NS,4
1631,WELINV.NS,4
12,AARTIIND.NS,4
1629,WELCORP.NS,4
1643,WORTH.NS,4
1626,WATERBASE.NS,4
13,AARTISURF.NS,4
992,NACLIND.NS,4
174,BALRAMCHIN.NS,4
173,BALPHARMA.NS,4
1025,NETWORK18.NS,4
1016,NDRAUTO.NS,4
1048,NORBTEAEXP.NS,4
1047,NOIDATOLL.NS,4
1046,NOCIL.NS,4
687,INDUSINDBK.NS,4
685,INDSWFTLTD.NS,4
684,INDSWFTLAB.NS,4
682,INDOWIND.NS,4
1373,SONATSOFTW.NS,4
1316,SHARDACROP.NS,4
1624,WALCHANNAG.NS,4
1619,VSTIND.NS,4
1640,WIPRO.NS,4
1638,WINDMACHIN.NS,4
1634,WESTLIFE.NS,4
25,ACCURACY.NS,4
23,ACC.NS,4
1655,ZENITHSTL.NS,4
1654,ZENITHEXPO.NS,4
1653,ZEEMEDIA.NS,4
1,21STCENMGM.NS,3
1627,WEBELSOLAR.NS,3
1620,VSTTILLERS.NS,3
313,CONSOFINVT.NS,3
312,CONFIPET.NS,3
1641,WOCKPHARMA.NS,3
1637,WILLAMAGOR.NS,3
15,AARVI.NS,3
175,BANARBEADS.NS,3
339,DALMIASUG.NS,3
352,DCMSHRIRAM.NS,3
1602,VINYLINDIA.NS,3
1603,VIPCLOTHNG.NS,3
1604,VIPIND.NS,3
1606,VISAKAIND.NS,3
1608,VISHAL.NS,3
1611,VIVIDHA.NS,3
1612,VIVIMEDLAB.NS,3
1304,SETCO.NS,3
1308,SFL.NS,3
1309,SGL.NS,3
105,ARENTERP.NS,3
387,DPSCLTD.NS,3
354,DECCANCE.NS,3
359,DELTAMAGNT.NS,3
1441,SWARAJENG.NS,3
1447,TAINWALCHM.NS,3
70,ALPA.NS,3
75,AMBIKCO.NS,3
959,MITTAL.NS,3
963,MODIRUBBER.NS,3
933,MCDHOLDING.NS,3
937,MCX.NS,3
154,AXISBANK.NS,3
983,MTNL.NS,3
984,MUKANDENGG.NS,3
1437,SUVEN.NS,3
163,BAJAJHIND.NS,3
165,BAJFINANCE.NS,3
168,BALAXI.NS,3
969,MONTECARLO.NS,3
858,LICHSGFIN.NS,3
860,LINCOLN.NS,3
894,MAHLOG.NS,3
1473,TCIFINANCE.NS,3
1049,NOVARTIND.NS,3
145,AUROPHARMA.NS,3
904,MANALIPETC.NS,3
1453,TARC.NS,3
915,MARICO.NS,3
926,MAXVIL.NS,3
932,MBLINFRA.NS,3
897,MAITHANALL.NS,3
940,MELSTAR.NS,3
941,MENONBE.NS,3
946,METROPOLIS.NS,3
947,MFSL.NS,3
1484,TERASOFT.NS,3
1486,TEXMOPIPES.NS,3
1488,TFCILTD.NS,3
178,BANDHANBNK.NS,3
180,BANKA.NS,3
181,BANKBARODA.NS,3
185,BASF.NS,3
186,BASML.NS,3
846,LALPATHLAB.NS,3
850,LAURUSLABS.NS,3
1072,OPTIEMUS.NS,3
1078,ORIENTALTL.NS,3
1082,ORIENTHOT.NS,3
1083,ORIENTLTD.NS,3
1084,ORIENTPPR.NS,3
856,LIBAS.NS,3
798,KEC.NS,3
827,KOTAKBANK.NS,3
828,KOTARISUG.NS,3
830,KOTHARIPRO.NS,3
834,KREBSBIO.NS,3
802,KELLTONTEC.NS,3
1091,PAISALO.NS,3
1092,PALASHSECU.NS,3
1093,PALREDTEC.NS,3
1094,PANACEABIO.NS,3
1102,PATINTLOG.NS,3
1397,STAR.NS,3
1405,STLTECH.NS,3
1407,SUBEXLTD.NS,3
1479,TECHIN.NS,3
1480,TECHM.NS,3
192,BCP.NS,3
196,BEDMUTHA.NS,3
199,BEPL.NS,3
204,BHAGERIA.NS,3
776,JYOTISTRUC.NS,3
777,KABRAEXTRU.NS,3
782,KALYANIFRG.NS,3
1394,SRPL.NS,3
131,ASTEC.NS,3
134,ASTRAMICRO.NS,3
136,ASTRON.NS,3
804,KERNEX.NS,3
808,KHADIM.NS,3
809,KHAICHEM.NS,3
814,KIOCL.NS,3
815,KIRIINDUS.NS,3
744,JINDWORLD.NS,3
61,ALEMBICLTD.NS,3
1510,TIRUMALCHM.NS,3
1516,TNTELE.NS,3
1128,PIONEEREMB.NS,3
1133,PNBGILTS.NS,3
1383,SPENTEX.NS,3
1388,SPTL.NS,3
58,ALANKIT.NS,3
751,JKLAKSHMI.NS,3
767,JSWISPL.NS,3
223,BIRLATYRE.NS,3
736,JCHAC.NS,3
738,JHS.NS,3
785,KANANIIND.NS,3
1498,THYROCARE.NS,3
1135,PNC.NS,3
716,ITI.NS,3
724,JAICORPLTD.NS,3
692,INFOMEDIA.NS,3
696,INOXWIND.NS,3
1137,PODDARHOUS.NS,3
1142,POLYPLEX.NS,3
1154,PRAXIS.NS,3
140,ATLASCYCLE.NS,3
141,ATUL.NS,3
1520,TOTAL.NS,3
734,JBFIND.NS,3
209,BHARATGEAR.NS,3
212,BHARTIARTL.NS,3
216,BILENERGY.NS,3
708,IRCON.NS,3
660,IL&FSENGG.NS,3
661,IL&FSTRANS.NS,3
697,INSECTICID.NS,3
698,INSPIRISYS.NS,3
705,IOLCP.NS,3
706,IPCALAB.NS,3
674,INDLMETER.NS,3
676,INDOCO.NS,3
679,INDOSTAR.NS,3
1374,SORILINFRA.NS,3
1376,SOUTHBANK.NS,3
1377,SOUTHWEST.NS,3
1162,PRESTIGE.NS,3
1170,PSPPROJECT.NS,3
1171,PTC.NS,3
1134,PNBHOUSING.NS,3
1540,TVTODAY.NS,3
1541,TVVISION.NS,3
667,INDIACEM.NS,3
649,IFBAGRO.NS,3
651,IFCI.NS,3
655,IGPL.NS,3
224,BKMINDST.NS,3
225,BLBLIMITED.NS,3
229,BLUECOAST.NS,3
1188,RALLIS.NS,3
1189,RAMANEWS.NS,3
1356,SJVN.NS,3
1365,SMSPHARMA.NS,3
686,INDTERRAIN.NS,3
656,IIFL.NS,3
659,IITL.NS,3
633,HUBTOWN.NS,3
640,ICICIGI.NS,3
642,ICIL.NS,3
644,IDBI.NS,3
613,HINDPETRO.NS,3
1197,RANEENGINE.NS,3
1205,RECLTD.NS,3
1208,RELAXO.NS,3
1173,PUNJABCHEM.NS,3
1523,TREEHOUSE.NS,3
1524,TREJHARA.NS,3
1526,TRF.NS,3
1531,TRIVENI.NS,3
1533,TTKPRESTIG.NS,3
1534,TTL.NS,3
1536,TV18BRDCST.NS,3
1557,UNIENTER.NS,3
603,HIKAL.NS,3
604,HIL.NS,3
611,HINDNATGLS.NS,3
580,HAVISHA.NS,3
585,HCL-INSYS.NS,3
93,APEX.NS,3
95,APLLTD.NS,3
1344,SIGIND.NS,3
1349,SIMPLEXINF.NS,3
1353,SIS.NS,3
1354,SITINET.NS,3
623,HMVL.NS,3
598,HESTERBIO.NS,3
599,HEXATRADEX.NS,3
600,HFCL.NS,3
542,GRANULES.NS,3
560,GTLINFRA.NS,3
562,GTNTEX.NS,3
563,GTPL.NS,3
570,GULFPETRO.NS,3
576,HARRMALAYA.NS,3
555,GSCLCEMENT.NS,3
113,ARSSINFRA.NS,3
119,ASAHISONG.NS,3
1209,RELCAPITAL.NS,3
1212,RELINFRA.NS,3
1216,REPL.NS,3
592,HEG.NS,3
1545,UCOBANK.NS,3
1555,UNICHEMLAB.NS,3
1556,UNIDT.NS,3
47,AHLEAST.NS,3
40,ADVENZYMES.NS,3
526,GODREJAGRO.NS,3
495,GET&D.NS,3
1233,ROLLT.NS,3
1234,ROLTA.NS,3
1237,ROSSELLIND.NS,3
1225,RKDL.NS,3
1228,RMCL.NS,3
1230,RNAVAL.NS,3
552,GROBTEA.NS,3
1560,UNITEDTEA.NS,3
1564,UNIVPHOTO.NS,3
1566,URJA.NS,3
35,ADL.NS,3
250,BURNPUR.NS,3
260,CANFINHOME.NS,3
267,CARERATING.NS,3
449,FEDERALBNK.NS,3
1573,VAIBHAVGBL.NS,3
1581,VASWANI.NS,3
269,CCHHL.NS,3
484,GAYAPROJ.NS,3
489,GENESYS.NS,3
493,GEPIL.NS,3
469,GAEL.NS,3
1254,RVNL.NS,3
1266,SAKUMA.NS,3
500,GICRE.NS,3
504,GIPCL.NS,3
509,GLENMARK.NS,3
510,GLFL.NS,3
283,CEREBRAINT.NS,3
390,DREDGECORP.NS,3
284,CESC.NS,3
423,ENERGYDEV.NS,3
424,ENGINERSIN.NS,3
426,EPL.NS,3
1272,SANCO.NS,3
1276,SANGHIIND.NS,3
104,ARCOTECH.NS,3
1584,VENKEYS.NS,3
1590,VHL.NS,3
1592,VIDEOIND.NS,3
1594,VIJIFIN.NS,3
461,FMNL.NS,3
437,EVEREADY.NS,3
259,CANDC.NS,3
360,DEN.NS,3
364,DHAMPURSUG.NS,3
393,DTIL.NS,3
394,DUCON.NS,3
398,DYNPRO.NS,3
406,EIDPARRY.NS,3
373,DICIND.NS,3
374,DIGISPICE.NS,3
110,AROGRANITE.NS,3
1285,SASKEN.NS,3
1286,SASTASUNDR.NS,3
1289,SBICARD.NS,3
1291,SBIN.NS,3
1296,SCI.NS,3
1339,SHYAMCENT.NS,3
274,CELEBRITY.NS,3
1022,NEOGEN.NS,3
6,63MOONS.NS,3
11,AARTIDRUGS.NS,3
1646,XCHANGING.NS,3
1642,WONDERLA.NS,3
1321,SHILPAMED.NS,3
1324,SHIVAMILLS.NS,3
1326,SHK.NS,3
1332,SHREERAMA.NS,3
291,CHEMCON.NS,3
294,CHOLAFIN.NS,3
299,CINEVISTA.NS,3
327,CSBBANK.NS,3
317,COROMANDEL.NS,3
337,DABUR.NS,3
338,DALBHARAT.NS,3
978,MRO-TEK.NS,3
995,NAGREEKEXP.NS,3
997,NAHARINDUS.NS,3
1006,NAVINFLUOR.NS,3
1007,NAVKARCORP.NS,3
1009,NBCC.NS,3
990,MUTHOOTCAP.NS,3
1031,NHPC.NS,3
1037,NIPPOBATRY.NS,3
1040,NITCO.NS,3
1041,NITINFIRE.NS,3
1013,NCLIND.NS,3
1014,NDGL.NS,3
1017,NDTV.NS,3
1018,NECCLTD.NS,3
1019,NECLIFE.NS,3
1647,XELPMOC.NS,2
4,3PLAND.NS,2
8,A2ZINFRA.NS,2
14,AARVEEDEN.NS,2
17,ABAN.NS,2
376,DISHTV.NS,2
395,DVL.NS,2
277,CENTRALBK.NS,2
1597,VIKASPROP.NS,2
439,EXCEL.NS,2
438,EVERESTIND.NS,2
1251,RUPA.NS,2
1279,SANGINITA.NS,2
85,ANIKINDS.NS,2
1340,SHYAMTEL.NS,2
435,EUROMULTI.NS,2
433,ESSARSHPNG.NS,2
465,FRETAIL.NS,2
258,CANBK.NS,2
479,GANGESSECU.NS,2
492,GEOJITFSL.NS,2
485,GBGLOBAL.NS,2
1580,VASCONEQ.NS,2
1578,VARDMNPOLY.NS,2
1577,VARDHACRLC.NS,2
1361,SMARTLINK.NS,2
1183,RAJESHEXPO.NS,2
1192,RAMCOIND.NS,2
1348,SIMBHALS.NS,2
1223,RIIL.NS,2
1221,RHFL.NS,2
1215,REPCOHOME.NS,2
1576,VALIANTORG.NS,2
1575,VAKRANGEE.NS,2
506,GKWLIMITED.NS,2
496,GFLLIMITED.NS,2
525,GODHA.NS,2
243,BROOKS.NS,2
558,GSS.NS,2
566,GUJAPOLLO.NS,2
1553,UMANGDAIRY.NS,2
578,HATSUN.NS,2
1130,PKTEA.NS,2
137,ATFL.NS,2
1138,PODDARMENT.NS,2
1165,PRINCEPIPE.NS,2
1159,PREMIER.NS,2
1371,SOMATEX.NS,2
1364,SMSLIFE.NS,2
577,HATHWAY.NS,2
622,HMT.NS,2
641,ICICIPRULI.NS,2
639,ICICIBANK.NS,2
636,IBREALEST.NS,2
1528,TRIGYN.NS,2
232,BODALCHEM.NS,2
670,INDIANB.NS,2
681,INDOTHAI.NS,2
1401,STEELCITY.NS,2
1400,STCINDIA.NS,2
1107,PEARLPOLY.NS,2
1104,PCJEWELLER.NS,2
1095,PANACHE.NS,2
129,ASIANTILES.NS,2
1113,PFC.NS,2
1380,SPARC.NS,2
1132,PNB.NS,2
671,INDIANCARD.NS,2
703,IOB.NS,2
720,J&KBANK.NS,2
717,IVC.NS,2
213,BHEL.NS,2
210,BHARATRAS.NS,2
732,JAYSREETEA.NS,2
1505,TIMESGTY.NS,2
1070,ONMOBILE.NS,2
158,BAGFILMS.NS,2
1088,OSWALAGRO.NS,2
1086,ORISSAMINE.NS,2
1081,ORIENTELEC.NS,2
740,JINDALPOLY.NS,2
758,JOCIL.NS,2
754,JMA.NS,2
54,AKASH.NS,2
1503,TIJARIA.NS,2
791,KARMAENG.NS,2
982,MTEDUCARE.NS,2
988,MUNJALSHOW.NS,2
1029,NFL.NS,2
1043,NKIND.NS,2
1032,NIACL.NS,2
1424,SUPERHOUSE.NS,2
1053,NTL.NS,2
787,KANPRPLA.NS,2
781,KALYANI.NS,2
833,KRBL.NS,2
826,KOPRAN.NS,2
1485,TEXINFRA.NS,2
841,KTKBANK.NS,2
182,BANKINDIA.NS,2
855,LGBFORGE.NS,2
878,M&MFIN.NS,2
876,LYPSAGEMS.NS,2
874,LUXIND.NS,2
865,LOVABLE.NS,2
1472,TCIEXP.NS,2
890,MAHEPC.NS,2
944,METALFORGE.NS,2
943,MERCATOR.NS,2
938,MEGASOFT.NS,2
935,MCL.NS,2
964,MOHITIND.NS,2
962,MMTC.NS,2
882,MADHUCON.NS,2
908,MANGLMCEM.NS,2
906,MANGALAM.NS,2
903,MANAKSTEEL.NS,2
923,MAWANASUG.NS,2
922,MATRIMONY.NS,2
1454,TARMAT.NS,2
1443,SWSOLAR.NS,2
328,CTE.NS,2
320,COX&KINGS.NS,2
303,CMICABLES.NS,2
350,DCMFINSERV.NS,2
348,DCBBANK.NS,2
370,DHUNINV.NS,2
366,DHANI.NS,2
365,DHANBANK.NS,2
1290,SBILIFE.NS,2
1281,SANWARIA.NS,2
1310,SHAHALLOYS.NS,2
1305,SETUINFRA.NS,2
1333,SHRENIK.NS,2
1636,WHIRLPOOL.NS,1
79,AMRUTANJAN.NS,1
905,MANAPPURAM.NS,1
368,DHARSUGAR.NS,1
72,ALPSINDUS.NS,1
957,MIRCELECTR.NS,1
151,AVANTIFEED.NS,1
1347,SILLYMONKS.NS,1
1235,ROML.NS,1
1565,UPL.NS,1
634,HUDCO.NS,1
1385,SPICEJET.NS,1
1375,SOTL.NS,1
1169,PSB.NS,1
590,HDFCLIFE.NS,1
664,IMPAL.NS,1
1057,OAL.NS,1
1402,STEELXIND.NS,1
1416,SUNDARMFIN.NS,1
219,BIOFILCHEM.NS,1
739,JINDALPHOT.NS,1
756,JMFINANCIL.NS,1
991,MUTHOOTFIN.NS,1
1428,SUPREMEENG.NS,1
1425,SUPERSPIN.NS,1
1657,ZENTEC.NS,1
1598,VIKASWSP.NS,1
1650,YESBANK.NS,1
309,COMPINFO.NS,1
1196,RANASUG.NS,1
45,AGRITECH.NS,1
532,GOKUL.NS,1
530,GOENKA.NS,1
1213,REMSONSIND.NS,1
1202,RBLBANK.NS,1
1445,SYNCOM.NS,0
885,MAGMA.NS,0
898,MAJESCO.NS,0
1452,TANTIACONS.NS,0
1300,SELMCL.NS,0
22,ABMINTLTD.NS,0
1288,SATIN.NS,0
1307,SEZAL.NS,0
1301,SEPOWER.NS,0
1292,SCAPDVR.NS,0
362,DFMFOODS.NS,0
369,DHFL.NS,0
383,DOLAT.NS,0
1337,SHRIRAMCIT.NS,0
302,CLNINDIA.NS,0
336,DAAWAT.NS,0
296,CHROMATIC.NS,0
318,COSMOFILMS.NS,0
945,METKORE.NS,0
27,ACRYSIL.NS,0
1632,WELSPUNIND.NS,0
1320,SHIL.NS,0
149,AUTOLITIND.NS,0
780,KALPATPOWR.NS,0
807,KGL.NS,0
800,KEERTI.NS,0
818,KIRLOSENG.NS,0
206,BHAGYAPROP.NS,0
845,LAKPRE.NS,0
844,L&TFH.NS,0
861,LINCPEN.NS,0
843,KWALITY.NS,0
839,KSK.NS,0
184,BARTRONICS.NS,0
867,LSIL.NS,0
869,LTI.NS,0
1471,TCIDEVELOP.NS,0
1468,TATASTLLP.NS,0
73,AMARAJABAT.NS,0
1467,TATASTLBSL.NS,0
893,MAHLIFE.NS,0
892,MAHINDCIE.NS,0
939,MEGH.NS,0
934,MCDOWELL-N.NS,0
965,MOHOTAIND.NS,0
956,MINDTREE.NS,0
909,MANGTIMBER.NS,0
954,MINDAIND.NS,0
952,MIDHANI.NS,0
951,MIC.NS,0
773,JUMPNET.NS,0
770,JUBILANT.NS,0
764,JSLHISAR.NS,0
972,MOTHERSUMI.NS,0
217,BINDALAGRO.NS,0
1513,TMRVL.NS,0
1511,TIRUPATIFL.NS,0
1066,OMMETALS.NS,0
1056,NXTDIGITAL.NS,0
1062,OISL.NS,0
699,INTEGRA.NS,0
725,JAIHINDPRO.NS,0
1395,SRTRANSFIN.NS,0
1393,SRIPIPES.NS,0
1097,PARABDRUGS.NS,0
1103,PATSPINLTD.NS,0
658,IIFLWAM.NS,0
1390,SREINFRA.NS,0
689,INEOSSTYRO.NS,0
726,JAINSTUDIO.NS,0
631,HSIL.NS,0
1542,TWL.NS,0
1106,PDSMFL.NS,0
757,JMTAUTOLTD.NS,0
1410,SUJANAUNI.NS,0
1414,SUNCLAYLTD.NS,0
1406,SUBCAPCITY.NS,0
748,JIYAECO.NS,0
1085,ORIENTREF.NS,0
1077,ORIENTABRA.NS,0
755,JMCPROJECT.NS,0
1495,THIRUSUGAR.NS,0
790,KARDA.NS,0
1004,NATNLSTEEL.NS,0
1011,NBVENTURES.NS,0
1426,SUPPETRO.NS,0
254,CADILAHC.NS,0
1549,UJAAS.NS,0
1544,UCALFUEL.NS,0
587,HDFC.NS,0
1121,PHILIPCARB.NS,0
1127,PIONDIST.NS,0
139,ATLANTA.NS,0
1149,PRABHAT.NS,0
637,IBULHSGFIN.NS,0
1167,PROZONINTU.NS,0
1161,PRESSMN.NS,0
1363,SMPL.NS,0
627,HOTELRUGBY.NS,0
1561,UNITY.NS,0
32,ADANITRANS.NS,0
245,BSELINFRA.NS,0
44,AGCNET.NS,0
505,GISOLUTION.NS,0
41,AEGISCHEM.NS,0
1569,UTTAMSTL.NS,0
1351,SINTEX.NS,0
1219,REVATHI.NS,0
1195,RAMSARUP.NS,0
1174,PUNJLLOYD.NS,0
1176,PVR.NS,0
1185,RAJRAYON.NS,0
249,BURGERKING.NS,0
34,ADHUNIKIND.NS,0
514,GLOBOFFS.NS,0
561,GTNIND.NS,0
575,HARITASEAT.NS,0
568,GUJRAFFIA.NS,0
475,GAMMNINFRA.NS,0
474,GALLISPAT.NS,0
471,GAL.NS,0
486,GDL.NS,0
482,GATI.NS,0
480,GARDENSILK.NS,0
81,ANDHRACEMT.NS,0
1338,SHRIRAMEPC.NS,0
1245,RTNINFRA.NS,0
1277,SANGHVIFOR.NS,0
1231,ROHITFERRO.NS,0
1248,RUCHI.NS,0
114,ARTEMISMED.NS,0
84,ANGELBRKG.NS,0
1342,SICAL.NS,0
1341,SICAGEN.NS,0
285,CESCVENT.NS,0
1596,VIKASMCORP.NS,0
1591,VICEROY.NS,0
417,EMAMIPAP.NS,0
400,EASUNREYRL.NS,0
401,EBIXFOREX.NS,0
273,CEBBCO.NS,0
419,EMCO.NS,0
1660,ZODJRDMKJ.NS,0
372,DIAPOWER.NS,0
304,CNOVAPETRO.NS,0
1663,ZUARIGLOB.NS,0
1623,WABCOINDIA.NS,0
1649,YAARII.NS,0
7,8KMILES.NS,0
2,3IINFOTECH.NS,0
